/* 
	addition of tuples to the database
*/
 
 INSERT INTO ADMINISTRATION VALUES ( 0,'WASHINGTON G','1789');
 INSERT INTO ADMINISTRATION VALUES ( 1,'WASHINGTON G','1789');  
 INSERT INTO ADMINISTRATION VALUES ( 2,'WASHINGTON G','1793');  
 INSERT INTO ADMINISTRATION VALUES ( 3,'ADAMS J','1797');       
 INSERT INTO ADMINISTRATION VALUES ( 4,'JEFFERSON T','1801');   
 INSERT INTO ADMINISTRATION VALUES ( 5,'JEFFERSON T','1805');   
 INSERT INTO ADMINISTRATION VALUES ( 6,'MADISON J','1809');     
 INSERT INTO ADMINISTRATION VALUES ( 7,'MADISON J','1813');     
 INSERT INTO ADMINISTRATION VALUES ( 8,'MONROE J','1817');      
 INSERT INTO ADMINISTRATION VALUES ( 9,'MONROE J','1821');     
 INSERT INTO ADMINISTRATION VALUES ( 10,'ADAMS J Q','1825');    
 INSERT INTO ADMINISTRATION VALUES ( 11,'JACKSON A','1829');    
 INSERT INTO ADMINISTRATION VALUES ( 12,'JACKSON A','1833');    
 INSERT INTO ADMINISTRATION VALUES ( 13,'VAN BUREN M','1837');  
 INSERT INTO ADMINISTRATION VALUES ( 14,'HARRISON W H','1841'); 
 INSERT INTO ADMINISTRATION VALUES ( 14,'TYLER J','1841');      
 INSERT INTO ADMINISTRATION VALUES ( 15,'POLK J K','1845');     
 INSERT INTO ADMINISTRATION VALUES ( 16,'TAYLOR Z','1849');     
 INSERT INTO ADMINISTRATION VALUES ( 16,'FILLMORE M','1850');   
 INSERT INTO ADMINISTRATION VALUES ( 17,'PIERCE F','1853');     
 INSERT INTO ADMINISTRATION VALUES ( 18,'BUCHANAN J','1857');   
 INSERT INTO ADMINISTRATION VALUES ( 19,'LINCOLN A','1861');    
 INSERT INTO ADMINISTRATION VALUES ( 21,'GRANT U S','1869');   
 INSERT INTO ADMINISTRATION VALUES ( 23,'HAYES R B','1877');   
 INSERT INTO ADMINISTRATION VALUES ( 24,'ARTHUR C A','1881');  
 INSERT INTO ADMINISTRATION VALUES ( 25,'CLEVELAND G','1885'); 
 INSERT INTO ADMINISTRATION VALUES ( 26,'HARRISON B','1889');  
 INSERT INTO ADMINISTRATION VALUES ( 27,'CLEVELAND G','1893'); 
 INSERT INTO ADMINISTRATION VALUES ( 28,'MCKINLEY W','1897');  
 INSERT INTO ADMINISTRATION VALUES ( 29,'MCKINLEY W','1901');  
 INSERT INTO ADMINISTRATION VALUES ( 29,'ROOSEVELT T','1901'); 
 INSERT INTO ADMINISTRATION VALUES ( 30,'ROOSEVELT T','1905'); 
 INSERT INTO ADMINISTRATION VALUES ( 31,'TAFT W H','1909');    
 INSERT INTO ADMINISTRATION VALUES ( 32,'WILSON W','1913');    
 INSERT INTO ADMINISTRATION VALUES ( 33,'WILSON W','1917');    
 INSERT INTO ADMINISTRATION VALUES ( 34,'HARDING W G','1921'); 
 INSERT INTO ADMINISTRATION VALUES ( 34,'COOLIDGE C','1923');  
 INSERT INTO ADMINISTRATION VALUES ( 36,'HOOVER H C','1929');  
 INSERT INTO ADMINISTRATION VALUES ( 37,'ROOSEVELT F D','1933');              
 INSERT INTO ADMINISTRATION VALUES ( 38,'ROOSEVELT F D','1937');              
 INSERT INTO ADMINISTRATION VALUES ( 39,'ROOSEVELT F D','1941');              
 INSERT INTO ADMINISTRATION VALUES ( 40,'ROOSEVELT F D','1945');              
 INSERT INTO ADMINISTRATION VALUES ( 40,'TRUMAN H S','1945');  
 INSERT INTO ADMINISTRATION VALUES ( 41,'TRUMAN H S','1949');  
 INSERT INTO ADMINISTRATION VALUES ( 42,'EISENHOWER D D','1953');             
 INSERT INTO ADMINISTRATION VALUES ( 43,'EISENHOWER D D','1957');             
 INSERT INTO ADMINISTRATION VALUES ( 44,'KENNEDY J F','1961'); 
 INSERT INTO ADMINISTRATION VALUES ( 44,'JOHNSON L B','1963'); 
 INSERT INTO ADMINISTRATION VALUES ( 45,'JOHNSON L B','1965'); 
 INSERT INTO ADMINISTRATION VALUES ( 20,'LINCOLN A','1865');   
 INSERT INTO ADMINISTRATION VALUES ( 20,'JOHNSON A','1865');   
 INSERT INTO ADMINISTRATION VALUES ( 22,'GRANT U S','1873');   
 INSERT INTO ADMINISTRATION VALUES ( 24,'GARFIELD J A','1881');
 INSERT INTO ADMINISTRATION VALUES ( 46,'NIXON R M','1969');   
 INSERT INTO ADMINISTRATION VALUES ( 47,'NIXON R M','1973');   
 INSERT INTO ADMINISTRATION VALUES ( 47,'FORD G R','1974');    
 INSERT INTO ADMINISTRATION VALUES ( 48,'CARTER J M','1977');  
 INSERT INTO ADMINISTRATION VALUES ( 35,'COOLIDGE C','1925');  
 INSERT INTO ADMINISTRATION VALUES ( 49,'REAGAN R','1981');    
 INSERT INTO ADMINISTRATION VALUES ( 50,'REAGAN R','1985');    
 INSERT INTO ADMINISTRATION VALUES ( 51,'BUSH G','1989');    
 INSERT INTO ADMINISTRATION VALUES ( 52,'CLINTON W','1993');    
 INSERT INTO ADMINISTRATION VALUES ( 53,'CLINTON W','1997');    
 INSERT INTO ADMINISTRATION VALUES ( 54,'BUSH G W','2001');    
 INSERT INTO ADMINISTRATION VALUES ( 55,'BUSH G W','2005');    
 INSERT INTO ADMINISTRATION VALUES ( 56,'OBAMA B','2009');    


 INSERT INTO ADMIN_PR_VP VALUES ( 1,'WASHINGTON G','ADAMS J'); 
 INSERT INTO ADMIN_PR_VP VALUES ( 2,'WASHINGTON G','ADAMS J'); 
 INSERT INTO ADMIN_PR_VP VALUES ( 3,'ADAMS J','JEFFERSON T');  
 INSERT INTO ADMIN_PR_VP VALUES ( 4,'JEFFERSON T','BURR A');   
 INSERT INTO ADMIN_PR_VP VALUES ( 5,'JEFFERSON T','CLINTON G');
 INSERT INTO ADMIN_PR_VP VALUES ( 6,'MADISON J','CLINTON G');  
 INSERT INTO ADMIN_PR_VP VALUES ( 7,'MADISON J','GERRRY E');   
 INSERT INTO ADMIN_PR_VP VALUES ( 8,'MONROE J','TOMPKINS D');  
 INSERT INTO ADMIN_PR_VP VALUES ( 9,'MONROE J','TOMPKINS D');  
 INSERT INTO ADMIN_PR_VP VALUES ( 10,'ADAMS J Q','CALHOUN J'); 
 INSERT INTO ADMIN_PR_VP VALUES ( 11,'JACKSON A','CALHOUN J'); 
 INSERT INTO ADMIN_PR_VP VALUES ( 12,'JACKSON A','VAN BUREN M');              
 INSERT INTO ADMIN_PR_VP VALUES ( 13,'VAN BUREN M','JOHNSON R M');            
 INSERT INTO ADMIN_PR_VP VALUES ( 14,'HARRISON W H','TYLER J');
 INSERT INTO ADMIN_PR_VP VALUES ( 15,'POLK J K','DALLAS J M'); 
 INSERT INTO ADMIN_PR_VP VALUES ( 16,'TAYLOR Z','FILLMORE M'); 
 INSERT INTO ADMIN_PR_VP VALUES ( 17,'PIERCE F','DE VANE KING W R');          
 INSERT INTO ADMIN_PR_VP VALUES ( 18,'BUCHANAN J','BRECKINRIDGE J C');        
 INSERT INTO ADMIN_PR_VP VALUES ( 19,'LINCOLN A','HAMLIN H');  
 INSERT INTO ADMIN_PR_VP VALUES ( 20,'LINCOLN A','JOHNSON A'); 
 INSERT INTO ADMIN_PR_VP VALUES ( 21,'GRANT U S','COLFAX S');  
 INSERT INTO ADMIN_PR_VP VALUES ( 22,'GRANT U S','WILSON H');  
 INSERT INTO ADMIN_PR_VP VALUES ( 23,'HAYES R B','WHEELER W'); 
 INSERT INTO ADMIN_PR_VP VALUES ( 24,'GARFIELD J A','ARTHUR C A');            
 INSERT INTO ADMIN_PR_VP VALUES ( 25,'CLEVELAND G','HENDRICKS T A');          
 INSERT INTO ADMIN_PR_VP VALUES ( 26,'HARRISON B','MORTON L P');              
 INSERT INTO ADMIN_PR_VP VALUES ( 27,'CLEVELAND G','STEVENSON A E');          
 INSERT INTO ADMIN_PR_VP VALUES ( 28,'MCKINLEY W','HOBART G A');              
 INSERT INTO ADMIN_PR_VP VALUES ( 29,'MCKINLEY W','ROOSEVELT T');             
 INSERT INTO ADMIN_PR_VP VALUES ( 30,'ROOSEVELT T','FAIRBANKS C W');          
 INSERT INTO ADMIN_PR_VP VALUES ( 31,'TAFT W H','SHERMAN J S');
 INSERT INTO ADMIN_PR_VP VALUES ( 32,'WILSON W','MARSHALL T R');              
 INSERT INTO ADMIN_PR_VP VALUES ( 33,'WILSON W','MARSHALL T R');              
 INSERT INTO ADMIN_PR_VP VALUES ( 34,'HARDING W G','COOLIDGE C');             
 INSERT INTO ADMIN_PR_VP VALUES ( 35,'COOLIDGE C','DAWES C G');
 INSERT INTO ADMIN_PR_VP VALUES ( 36,'HOOVER H C','CURTIS C'); 
 INSERT INTO ADMIN_PR_VP VALUES ( 37,'ROOSEVELT F D','GARNER J N');           
 INSERT INTO ADMIN_PR_VP VALUES ( 38,'ROOSEVELT F D','GARNER J N');           
 INSERT INTO ADMIN_PR_VP VALUES ( 39,'ROOSEVELT F D','WALLACE H A');          
 INSERT INTO ADMIN_PR_VP VALUES ( 40,'ROOSEVELT F D','TRUMAN H S');           
 INSERT INTO ADMIN_PR_VP VALUES ( 41,'TRUMAN H S','BARKLEY A W');             
 INSERT INTO ADMIN_PR_VP VALUES ( 42,'EISENHOWER D D','NIXON R M');           
 INSERT INTO ADMIN_PR_VP VALUES ( 43,'EISENHOWER D D','NIXON R M');           
 INSERT INTO ADMIN_PR_VP VALUES ( 44,'KENNEDY J F','JOHNSON L B');            
 INSERT INTO ADMIN_PR_VP VALUES ( 45,'JOHNSON L B','HUMPHREY H H');           
 INSERT INTO ADMIN_PR_VP VALUES ( 46,'NIXON R M','AGNEW S T'); 
 INSERT INTO ADMIN_PR_VP VALUES ( 47,'NIXON R M','AGNEW S T'); 
 INSERT INTO ADMIN_PR_VP VALUES ( 47,'NIXON R M','FORD G R');  
 INSERT INTO ADMIN_PR_VP VALUES ( 47,'FORD G R','ROCKEFELLER N A');           
 INSERT INTO ADMIN_PR_VP VALUES ( 48,'CARTER J M','MONDALE W F');             
 INSERT INTO ADMIN_PR_VP VALUES ( 49,'REAGAN R','BUSH G');     
 INSERT INTO ADMIN_PR_VP VALUES ( 50,'REAGAN R','BUSH G');     
 INSERT INTO ADMIN_PR_VP VALUES ( 51,'BUSH G','QUAYLE J');     
 INSERT INTO ADMIN_PR_VP VALUES ( 52,'CLINTON W','GORE A');     
 INSERT INTO ADMIN_PR_VP VALUES ( 53,'CLINTON W','GORE A');     
 INSERT INTO ADMIN_PR_VP VALUES ( 54,'BUSH G W','CHENEY R');     
 INSERT INTO ADMIN_PR_VP VALUES ( 55,'BUSH G W','CHENEY R');     
 INSERT INTO ADMIN_PR_VP VALUES ( 56,'OBAMA B','BIDEN J');   

 INSERT INTO ELECTION VALUES ( '1789','WASHINGTON G',69,'W');  
 INSERT INTO ELECTION VALUES ( '1789','ADAMS J',34,'L');       
 INSERT INTO ELECTION VALUES ( '1789','JAY J',9,'L');          
 INSERT INTO ELECTION VALUES ( '1789','HARRISON R H',6,'L');   
 INSERT INTO ELECTION VALUES ( '1789','RUTLEDGE J',6,'L');     
 INSERT INTO ELECTION VALUES ( '1789','HANCOCK J',4,'L');      
 INSERT INTO ELECTION VALUES ( '1789','CLINTON G',3,'L');      
 INSERT INTO ELECTION VALUES ( '1789','HUNTINGTON S',2,'L');   
 INSERT INTO ELECTION VALUES ( '1789','MILTON J',2,'L');       
 INSERT INTO ELECTION VALUES ( '1789','ARMSTRONG',1,'L');      
 INSERT INTO ELECTION VALUES ( '1789','LINCOLN B',1,'L');      
 INSERT INTO ELECTION VALUES ( '1789','TOLFAIR I',1,'L');      
 INSERT INTO ELECTION VALUES ( '1792','ADAMS J',77,'L');       
 INSERT INTO ELECTION VALUES ( '1792','CLINTON G',50,'L');     
 INSERT INTO ELECTION VALUES ( '1792','JEFFERSON T',4,'L');    
 INSERT INTO ELECTION VALUES ( '1796','PINCKNEY T',59,'L');    
 INSERT INTO ELECTION VALUES ( '1792','BURR A',1,'L');         
 INSERT INTO ELECTION VALUES ( '1796','ADAMS J',71,'W');       
 INSERT INTO ELECTION VALUES ( '1796','JEFFERSON T',68,'L');   
 INSERT INTO ELECTION VALUES ( '1796','BURR A',30,'L');        
 INSERT INTO ELECTION VALUES ( '1796','CLINTON G',7,'L');      
 INSERT INTO ELECTION VALUES ( '1796','JAY J',5,'L');          
 INSERT INTO ELECTION VALUES ( '1796','IREDELL J',3,'L');      
 INSERT INTO ELECTION VALUES ( '1796','HENRY J',2,'L');        
 INSERT INTO ELECTION VALUES ( '1796','JOHNSON S',2,'L');      
 INSERT INTO ELECTION VALUES ( '1796','WASHINGTON G',2,'L');   
 INSERT INTO ELECTION VALUES ( '1796','PINCKNEY C C',1,'L');   
 INSERT INTO ELECTION VALUES ( '1792','WASHINGTON G',132,'W'); 
 INSERT INTO ELECTION VALUES ( '1796','ADAMS S',15,'L');       
 INSERT INTO ELECTION VALUES ( '1796','ELLSWORTH O',11,'L');   
 INSERT INTO ELECTION VALUES ( '1800','JEFFERSON T',73,'W');   
 INSERT INTO ELECTION VALUES ( '1800','BURR A',73,'L');        
 INSERT INTO ELECTION VALUES ( '1800','ADAMS J',65,'L');       
 INSERT INTO ELECTION VALUES ( '1800','JAY J',1,'L');          
 INSERT INTO ELECTION VALUES ( '1804','JEFFERSON T',162,'W');  
 INSERT INTO ELECTION VALUES ( '1804','PINCKNEY C C',14,'L');  
 INSERT INTO ELECTION VALUES ( '1800','PINCKNEY C C',64,'L');  
 INSERT INTO ELECTION VALUES ( '1808','MADISON J',122,'W');    
 INSERT INTO ELECTION VALUES ( '1808','PINCKNEY C C',47,'L');  
 INSERT INTO ELECTION VALUES ( '1808','CLINTON G',6,'L');      
 INSERT INTO ELECTION VALUES ( '1812','MADISON J',128,'W');    
 INSERT INTO ELECTION VALUES ( '1812','CLINTON G',89,'L');     
 INSERT INTO ELECTION VALUES ( '1816','MONROE J',183,'W');     
 INSERT INTO ELECTION VALUES ( '1816','KING R',34,'L');        
 INSERT INTO ELECTION VALUES ( '1820','MONROE J',231,'W');     
 INSERT INTO ELECTION VALUES ( '1820','ADAMS J Q',1,'L');      
 INSERT INTO ELECTION VALUES ( '1824','ADAMS J Q',99,'W');     
 INSERT INTO ELECTION VALUES ( '1824','JACKSON A',84,'L');     
 INSERT INTO ELECTION VALUES ( '1824','CRAWFORD W H',41,'L');  
 INSERT INTO ELECTION VALUES ( '1824','CLAY H',37,'L');        
 INSERT INTO ELECTION VALUES ( '1828','JACKSON A',178,'W');    
 INSERT INTO ELECTION VALUES ( '1828','ADAMS J',83,'L');       
 INSERT INTO ELECTION VALUES ( '1832','JACKSON A',219,'W');    
 INSERT INTO ELECTION VALUES ( '1832','CLAY H',49,'L');        
 INSERT INTO ELECTION VALUES ( '1832','FLOYD J',11,'L');       
 INSERT INTO ELECTION VALUES ( '1832','WIRT W',7,'L');         
 INSERT INTO ELECTION VALUES ( '1836','VAN BUREN M',170,'W');  
 INSERT INTO ELECTION VALUES ( '1836','HARRISON W H',73,'L');  
 INSERT INTO ELECTION VALUES ( '1836','WHITE H L',26,'L');     
 INSERT INTO ELECTION VALUES ( '1836','WEBSTER D',14,'L');     
 INSERT INTO ELECTION VALUES ( '1836','MANGUM W P',11,'L');    
 INSERT INTO ELECTION VALUES ( '1840','HARRISON W H',234,'W'); 
 INSERT INTO ELECTION VALUES ( '1840','VAN BUREN M',60,'L');   
 INSERT INTO ELECTION VALUES ( '1844','POLK J K',170,'W');     
 INSERT INTO ELECTION VALUES ( '1844','CLAY H',105,'L');       
 INSERT INTO ELECTION VALUES ( '1848','TAYLOR Z',163,'W');     
 INSERT INTO ELECTION VALUES ( '1848','CASS L',126,'L');       
 INSERT INTO ELECTION VALUES ( '1852','PIERCE F',254,'W');     
 INSERT INTO ELECTION VALUES ( '1852','SCOTT W',42,'L');       
 INSERT INTO ELECTION VALUES ( '1856','BUCHANAN J',174,'W');   
 INSERT INTO ELECTION VALUES ( '1856','FREMONT J C',114,'L');  
 INSERT INTO ELECTION VALUES ( '1856','FILLMORE M',8,'L');     
 INSERT INTO ELECTION VALUES ( '1860','LINCOLN A',180,'W');    
 INSERT INTO ELECTION VALUES ( '1860','BRECKINRIDGE J',72,'L');
 INSERT INTO ELECTION VALUES ( '1860','BELL J',39,'L');        
 INSERT INTO ELECTION VALUES ( '1860','DOUGLAS S',12,'L');     
 INSERT INTO ELECTION VALUES ( '1864','LINCOLN A',212,'W');    
 INSERT INTO ELECTION VALUES ( '1864','MCCLELLAN G B',21,'L'); 
 INSERT INTO ELECTION VALUES ( '1868','GRANT U S',214,'W');    
 INSERT INTO ELECTION VALUES ( '1868','SEYMOUR H',80,'L');     
 INSERT INTO ELECTION VALUES ( '1872','GRANT U S',286,'W');    
 INSERT INTO ELECTION VALUES ( '1872','HENDRICKS T A',42,'L'); 
 INSERT INTO ELECTION VALUES ( '1872','BROWN B G',18,'L');     
 INSERT INTO ELECTION VALUES ( '1872','JENKINS C J',2,'L');    
 INSERT INTO ELECTION VALUES ( '1872','DAVIS D',1,'L');        
 INSERT INTO ELECTION VALUES ( '1876','HAYES R B',185,'W');    
 INSERT INTO ELECTION VALUES ( '1876','TILDEN R B',184,'L');   
 INSERT INTO ELECTION VALUES ( '1880','GARFIELD J A',214,'W'); 
 INSERT INTO ELECTION VALUES ( '1880','HANCOCK W S',155,'L');  
 INSERT INTO ELECTION VALUES ( '1884','CLEVELAND G',219,'W');  
 INSERT INTO ELECTION VALUES ( '1884','BLAINE J G',182,'L');   
 INSERT INTO ELECTION VALUES ( '1888','HARRISON B',233,'W');   
 INSERT INTO ELECTION VALUES ( '1888','CLEVELAND G',168,'L');  
 INSERT INTO ELECTION VALUES ( '1892','CLEVELAND G',277,'W');  
 INSERT INTO ELECTION VALUES ( '1892','HARRISON B',145,'L');   
 INSERT INTO ELECTION VALUES ( '1892','WEAVER J B',22,'L');    
 INSERT INTO ELECTION VALUES ( '1896','MCKINLEY W',271,'W');   
 INSERT INTO ELECTION VALUES ( '1896','BRYAN W J',176,'L');    
 INSERT INTO ELECTION VALUES ( '1900','MCKINLEY W',292,'W');   
 INSERT INTO ELECTION VALUES ( '1900','BRYAN W J',155,'L');    
 INSERT INTO ELECTION VALUES ( '1904','ROOSEVELT T',336,'W');  
 INSERT INTO ELECTION VALUES ( '1904','PARKER E B',140,'L');   
 INSERT INTO ELECTION VALUES ( '1908','TAFT W H',321,'W');     
 INSERT INTO ELECTION VALUES ( '1908','BRYAN W J',162,'L');    
 INSERT INTO ELECTION VALUES ( '1912','WILSON W',435,'W');     
 INSERT INTO ELECTION VALUES ( '1912','ROOSEVELT T',88,'L');   
 INSERT INTO ELECTION VALUES ( '1912','TAFT W H',8,'L');       
 INSERT INTO ELECTION VALUES ( '1916','WILSON W',277,'W');     
 INSERT INTO ELECTION VALUES ( '1916','HUGHES C E',254,'L');   
 INSERT INTO ELECTION VALUES ( '1920','HARDING W G',404,'W');  
 INSERT INTO ELECTION VALUES ( '1920','COX W W',127,'L');      
 INSERT INTO ELECTION VALUES ( '1924','COOLIDGE C',382,'W');   
 INSERT INTO ELECTION VALUES ( '1924','DAVIS J W',136,'L');    
 INSERT INTO ELECTION VALUES ( '1924','LA FOLLETTE R M',13,'L');              
 INSERT INTO ELECTION VALUES ( '1928','HOOVER H C',444,'W');   
 INSERT INTO ELECTION VALUES ( '1928','SMITH A E',87,'L');     
 INSERT INTO ELECTION VALUES ( '1932','ROOSEVELT F D',472,'W');
 INSERT INTO ELECTION VALUES ( '1932','HOOVER H C',49,'L');    
 INSERT INTO ELECTION VALUES ( '1936','ROOSEVELT F D',523,'W');
 INSERT INTO ELECTION VALUES ( '1936','LANDON A M',8,'L');     
 INSERT INTO ELECTION VALUES ( '1940','ROOSEVELT F D',449,'W');
 INSERT INTO ELECTION VALUES ( '1940','WILKIE W L',82,'L');    
 INSERT INTO ELECTION VALUES ( '1944','ROOSEVELT F D',432,'W');
 INSERT INTO ELECTION VALUES ( '1944','DEWEY T E',99,'L');     
 INSERT INTO ELECTION VALUES ( '1948','TRUMAN H S',303,'W');   
 INSERT INTO ELECTION VALUES ( '1948','DEWEY T E',189,'L');    
 INSERT INTO ELECTION VALUES ( '1948','THURMOND J S',39,'L');  
 INSERT INTO ELECTION VALUES ( '1952','EISENHOWER D D',442,'W');              
 INSERT INTO ELECTION VALUES ( '1952','STEVENSON A',89,'L');   
 INSERT INTO ELECTION VALUES ( '1956','EISENHOWER D D',457,'W');              
 INSERT INTO ELECTION VALUES ( '1956','STEVENSON A',73,'L');   
 INSERT INTO ELECTION VALUES ( '1956','JONES W B',1,'L');      
 INSERT INTO ELECTION VALUES ( '1960','KENNEDY J F',303,'W');  
 INSERT INTO ELECTION VALUES ( '1960','NIXON R M',219,'L');    
 INSERT INTO ELECTION VALUES ( '1960','BYRD',15,'L');          
 INSERT INTO ELECTION VALUES ( '1964','JOHNSON L B',486,'W');  
 INSERT INTO ELECTION VALUES ( '1964','GOLDWATER B',52,'L');   
 INSERT INTO ELECTION VALUES ( '1968','NIXON R M',301,'W');    
 INSERT INTO ELECTION VALUES ( '1968','HUMPHREY H H',191,'L'); 
 INSERT INTO ELECTION VALUES ( '1968','WALLACE G C',46,'L');   
 INSERT INTO ELECTION VALUES ( '1972','NIXON R M',520,'W');    
 INSERT INTO ELECTION VALUES ( '1972','MCGOVERN G S',17,'L');  
 INSERT INTO ELECTION VALUES ( '1972','HOSPERS J',1,'L');      
 INSERT INTO ELECTION VALUES ( '1976','CARTER J M',297,'W');   
 INSERT INTO ELECTION VALUES ( '1976','FORD G R',240,'L');     
 INSERT INTO ELECTION VALUES ( '1980','CARTER J M',49,'L');    
 INSERT INTO ELECTION VALUES ( '1980','REAGAN R',489,'W');   
 INSERT INTO ELECTION VALUES ( '1984','REAGAN R',525,'W');
 INSERT INTO ELECTION VALUES ( '1984','MONDALE W',13,'L');
 INSERT INTO ELECTION VALUES ( '1988','BUSH G',426,'W');
 INSERT INTO ELECTION VALUES ( '1988','DUKAKIS M',111,'L');
 INSERT INTO ELECTION VALUES ( '1992','BUSH G',168,'L');
 INSERT INTO ELECTION VALUES ( '1992','CLINTON W',370,'W');
 INSERT INTO ELECTION VALUES ( '1996','CLINTON W',379,'W');
 INSERT INTO ELECTION VALUES ( '1996','DOLE WB', 159,'L');
 INSERT INTO ELECTION VALUES ( '2000','BUSH G W', 271,'W');
 INSERT INTO ELECTION VALUES ( '2000','GORE A',266,'L');
 INSERT INTO ELECTION VALUES ( '2004','BUSH G W', 286,'W');
 INSERT INTO ELECTION VALUES ( '2004','KERRY J', 251,'L');
 INSERT INTO ELECTION VALUES ( '2008','OBAMA B',365,'W');
 INSERT INTO ELECTION VALUES ( '2008','MCCAIN J',173,'L');



  
 INSERT INTO PRESIDENT VALUES ( 'WASHINGTON G','1732',7,67,'FEDERALIST','VIRGINIA');         
 INSERT INTO PRESIDENT VALUES ( 'ADAMS J','1735',4,90,'FEDERALIST','MASSACHUSETTS');         
 INSERT INTO PRESIDENT VALUES ( 'JEFFERSON T','1743',8,83,'DEMO-REP','VIRGINIA'); 
 INSERT INTO PRESIDENT VALUES ( 'MADISON J','1751',8,85,'DEMO-REP','VIRGINIA');   
 INSERT INTO PRESIDENT VALUES ( 'MONROE J','1758',8,73,'DEMO-REP','VIRGINIA');
 INSERT INTO PRESIDENT VALUES ( 'ADAMS J Q','1767',4,80,'DEMO-REP','MASSACHUSETTS');         
 INSERT INTO PRESIDENT VALUES ( 'JACKSON A','1767',8,78,'DEMOCRATIC','SOUTH CAROLINA');      
 INSERT INTO PRESIDENT VALUES ( 'VAN BUREN M','1782',4,79,'DEMOCRATIC','NEW YORK');          
 INSERT INTO PRESIDENT VALUES ( 'HARRISON W H','1773',0,68,'WHIG','VIRGINIA');
 INSERT INTO PRESIDENT VALUES ( 'TYLER J','1790',3,71,'WHIG','VIRGINIA');     
 INSERT INTO PRESIDENT VALUES ( 'POLK J K','1795',4,53,'DEMOCRATIC','NORTH CAROLINA');       
 INSERT INTO PRESIDENT VALUES ( 'TAYLOR Z','1784',1,65,'WHIG','VIRGINIA');    
 INSERT INTO PRESIDENT VALUES ( 'FILLMORE M','1800',2,74,'WHIG','NEW YORK');  
 INSERT INTO PRESIDENT VALUES ( 'PIERCE F','1804',4,64,'DEMOCRATIC','NEW HAMPSHIRE');        
 INSERT INTO PRESIDENT VALUES ( 'BUCHANAN J','1791',4,77,'DEMOCRATIC','PENNSYLVANIA');       
 INSERT INTO PRESIDENT VALUES ( 'LINCOLN A','1809',4,56,'REPUBLICAN','KENTUCKY');  
 INSERT INTO PRESIDENT VALUES ( 'JOHNSON A','1808',3,66,'DEMOCRATIC','PENNSYLVANIA'); 
 INSERT INTO PRESIDENT VALUES ( 'GRANT U S','1822',8,63,'REPUBLICAN','OHIO'); 
 INSERT INTO PRESIDENT VALUES ( 'HAYES R B','1822',4,70,'REPUBLICAN','OHIO'); 
 INSERT INTO PRESIDENT VALUES ( 'GARFIELD J A','1831',0,49,'REPUBLICAN','OHIO');   
 INSERT INTO PRESIDENT VALUES ( 'ARTHUR C A','1830',3,56,'REPUBLICAN','VERMONT');  
 INSERT INTO PRESIDENT VALUES ( 'CLEVELAND G','1837',8,71,'DEMOCRATIC','NEW JERSEY');        
 INSERT INTO PRESIDENT VALUES ( 'HARRISON B','1833',4,67,'REPUBLICAN','OHIO');
 INSERT INTO PRESIDENT VALUES ( 'MCKINLEY W','1843',4,58,'REPUBLICAN','OHIO');
 INSERT INTO PRESIDENT VALUES ( 'ROOSEVELT T','1858',7,60,'REPUBLICAN','NEW YORK');          
 INSERT INTO PRESIDENT VALUES ( 'TAFT W H','1857',4,72,'REPUBLICAN','OHIO');  
 INSERT INTO PRESIDENT VALUES ( 'WILSON W','1856',8,67,'DEMOCRATIC','VIRGINIA');   
 INSERT INTO PRESIDENT VALUES ( 'HARDING W G','1865',2,57,'REPUBLICAN','OHIO');       
 INSERT INTO PRESIDENT VALUES ( 'COOLIDGE C','1872',5,60,'REPUBLICAN','VERMONT'); 
 INSERT INTO PRESIDENT VALUES ( 'HOOVER H C','1874',4,90,'REPUBLICAN','IOWA');
 INSERT INTO PRESIDENT VALUES ( 'ROOSEVELT F D','1882',12,63,'DEMOCRATIC','NEW YORK');       
 INSERT INTO PRESIDENT VALUES ( 'TRUMAN H S','1884',7,88,'DEMOCRATIC','MISSOURI');           
 INSERT INTO PRESIDENT VALUES ( 'EISENHOWER D D','1890',8,79,'REPUBLICAN','TEXAS');          
 INSERT INTO PRESIDENT VALUES ( 'KENNEDY J F','1917',2,46,'DEMOCRATIC','MASSACHUSETTS');     
 INSERT INTO PRESIDENT VALUES ( 'JOHNSON L B','1908',5,65,'DEMOCRATIC','TEXAS');   
 INSERT INTO PRESIDENT VALUES ( 'NIXON R M','1913',5,81,'REPUBLICAN','CALIFORNIA');   
 INSERT INTO PRESIDENT VALUES ( 'FORD G R','1913',2,93,'REPUBLICAN','NEBRASKA');   
 INSERT INTO PRESIDENT VALUES ( 'CARTER J M','1924',4,NULL,'DEMOCRATIC','GEORGIA');   
 INSERT INTO PRESIDENT VALUES ( 'REAGAN R','1911',8,93,'REPUBLICAN','ILLINOIS');   
 INSERT INTO PRESIDENT VALUES ( 'BUSH G',1924,4,null,'REPUBLICAN','MASSACHUSETTS');
 INSERT INTO PRESIDENT VALUES ( 'CLINTON W',1946,8,null,'DEMOCRATIC','ARKANSAS');
 INSERT INTO PRESIDENT VALUES ( 'BUSH G W',1946,8,null,'REPUBLICAN','CONNECTICUT');
 INSERT INTO PRESIDENT VALUES ( 'OBAMA B',1961,2,null,'DEMOCRATIC','HAWAII');

 INSERT INTO PRES_HOBBY VALUES ( 'ADAMS J Q','BILLIARDS');     
 INSERT INTO PRES_HOBBY VALUES ( 'ADAMS J Q','SWIMMING');      
 INSERT INTO PRES_HOBBY VALUES ( 'ARTHUR C A','FISHING');      
 INSERT INTO PRES_HOBBY VALUES ( 'CLEVELAND G','FISHING');     
 INSERT INTO PRES_HOBBY VALUES ( 'COOLIDGE C','FISHING');      
 INSERT INTO PRES_HOBBY VALUES ( 'COOLIDGE C','GOLF');         
 INSERT INTO PRES_HOBBY VALUES ( 'COOLIDGE C','INDIAN CLUBS'); 
 INSERT INTO PRES_HOBBY VALUES ( 'COOLIDGE C','MECH. HORS');   
 INSERT INTO PRES_HOBBY VALUES ( 'COOLIDGE C','PITCHING HAY'); 
 INSERT INTO PRES_HOBBY VALUES ( 'EISENHOWER D D','BRIDGE');   
 INSERT INTO PRES_HOBBY VALUES ( 'EISENHOWER D D','GOLF');     
 INSERT INTO PRES_HOBBY VALUES ( 'EISENHOWER D D','HUNTING');  
 INSERT INTO PRES_HOBBY VALUES ( 'EISENHOWER D D','PAINTING'); 
 INSERT INTO PRES_HOBBY VALUES ( 'EISENHOWER D D','FISHING');  
 INSERT INTO PRES_HOBBY VALUES ( 'GARFIELD J A','BILLIARDS');  
 INSERT INTO PRES_HOBBY VALUES ( 'HARDING W G','GOLF');        
 INSERT INTO PRES_HOBBY VALUES ( 'HARDING W G','POKER');       
 INSERT INTO PRES_HOBBY VALUES ( 'HARDING W G','RIDING');      
 INSERT INTO PRES_HOBBY VALUES ( 'HARRISON B','HUNTING');      
 INSERT INTO PRES_HOBBY VALUES ( 'HAYES R B','CROQUET');       
 INSERT INTO PRES_HOBBY VALUES ( 'HAYES R B','DRIVING');       
 INSERT INTO PRES_HOBBY VALUES ( 'HAYES R B','SHOOTING');      
 INSERT INTO PRES_HOBBY VALUES ( 'HOOVER H C','FISHING');      
 INSERT INTO PRES_HOBBY VALUES ( 'HOOVER H C','MEDICINE BALL');
 INSERT INTO PRES_HOBBY VALUES ( 'JACKSON A','RIDING');        
 INSERT INTO PRES_HOBBY VALUES ( 'JEFFERSON T','FISHING');     
 INSERT INTO PRES_HOBBY VALUES ( 'JEFFERSON T','RIDING');      
 INSERT INTO PRES_HOBBY VALUES ( 'JOHNSON L B','RIDING');      
 INSERT INTO PRES_HOBBY VALUES ( 'KENNEDY J F','SAILING');     
 INSERT INTO PRES_HOBBY VALUES ( 'KENNEDY J F','SWIMMING');    
 INSERT INTO PRES_HOBBY VALUES ( 'KENNEDY J F','TOUCH FOOTBALL');             
 INSERT INTO PRES_HOBBY VALUES ( 'LINCOLN A','WALKING');       
 INSERT INTO PRES_HOBBY VALUES ( 'MCKINLEY W','RIDING');       
 INSERT INTO PRES_HOBBY VALUES ( 'MCKINLEY W','SWIMMING');     
 INSERT INTO PRES_HOBBY VALUES ( 'MCKINLEY W','WALKING');      
 INSERT INTO PRES_HOBBY VALUES ( 'NIXON R M','GOLF');          
 INSERT INTO PRES_HOBBY VALUES ( 'ROOSEVELT F D','FISHING');   
 INSERT INTO PRES_HOBBY VALUES ( 'ROOSEVELT F D','SAILING');   
 INSERT INTO PRES_HOBBY VALUES ( 'ROOSEVELT F D','SWIMMING');  
 INSERT INTO PRES_HOBBY VALUES ( 'ROOSEVELT T','BOXING');      
 INSERT INTO PRES_HOBBY VALUES ( 'ROOSEVELT T','HUNTING');     
 INSERT INTO PRES_HOBBY VALUES ( 'ROOSEVELT T','JUJITSU');     
 INSERT INTO PRES_HOBBY VALUES ( 'ROOSEVELT T','RIDING');      
 INSERT INTO PRES_HOBBY VALUES ( 'ROOSEVELT T','SHOOTING');    
 INSERT INTO PRES_HOBBY VALUES ( 'ROOSEVELT T','TENNIS');      
 INSERT INTO PRES_HOBBY VALUES ( 'ROOSEVELT T','WRESTLING');   
 INSERT INTO PRES_HOBBY VALUES ( 'TAFT W H','GOLF');           
 INSERT INTO PRES_HOBBY VALUES ( 'TAFT W H','RIDING');         
 INSERT INTO PRES_HOBBY VALUES ( 'TAYLOR Z','RIDING');         
 INSERT INTO PRES_HOBBY VALUES ( 'TRUMAN H S','FISHING');      
 INSERT INTO PRES_HOBBY VALUES ( 'TRUMAN H S','POKER');        
 INSERT INTO PRES_HOBBY VALUES ( 'TRUMAN H S','WALKING');      
 INSERT INTO PRES_HOBBY VALUES ( 'VAN BUREN M','RIDING');      
 INSERT INTO PRES_HOBBY VALUES ( 'WASHINGTON G','FISHING');    
 INSERT INTO PRES_HOBBY VALUES ( 'WASHINGTON G','RIDING');     
 INSERT INTO PRES_HOBBY VALUES ( 'WILSON W','GOLF');           
 INSERT INTO PRES_HOBBY VALUES ( 'WILSON W','RIDING');         
 INSERT INTO PRES_HOBBY VALUES ( 'WILSON W','WALKING');        
 INSERT INTO PRES_HOBBY VALUES ( 'ADAMS J Q','WALKING');
      

 INSERT INTO PRES_MARRIAGE VALUES ( 'WASHINGTON G','CUSTIS M D',26,27,0,'1759');  
 INSERT INTO PRES_MARRIAGE VALUES ( 'ADAMS J','SMITH A',28,19,5,'1764');      
 INSERT INTO PRES_MARRIAGE VALUES ( 'JEFFERSON T','SKELTON M W',28,23,6,'1772');  
 INSERT INTO PRES_MARRIAGE VALUES ( 'MADISON J','TODD D D P',43,26,0,'1794'); 
 INSERT INTO PRES_MARRIAGE VALUES ( 'MONROE J','KORTRIGHT E',27,17,3,'1786'); 
 INSERT INTO PRES_MARRIAGE VALUES ( 'ADAMS J Q','JOHNSON L C',30,22,4,'1797');
 INSERT INTO PRES_MARRIAGE VALUES ( 'JACKSON A','ROBARDS R D',26,26,0,'1794');
 INSERT INTO PRES_MARRIAGE VALUES ( 'VAN BUREN M','HOOS H',24,23,4,'1807');   
 INSERT INTO PRES_MARRIAGE VALUES ( 'HARRISON W H','SYMMES A T',22,20,10,'1795'); 
 INSERT INTO PRES_MARRIAGE VALUES ( 'TYLER J','CHRISTIAN L',23,22,8,'1813');  
 INSERT INTO PRES_MARRIAGE VALUES ( 'TYLER J','GARDINER J',54,24,7,'1844');   
 INSERT INTO PRES_MARRIAGE VALUES ( 'POLK J K','CHILDRESS S',28,20,0,'1824'); 
 INSERT INTO PRES_MARRIAGE VALUES ( 'TAYLOR Z','SMITH M M',25,21,6,'1810');   
 INSERT INTO PRES_MARRIAGE VALUES ( 'FILLMORE M','POWERS A',26,27,2,'1826');  
 INSERT INTO PRES_MARRIAGE VALUES ( 'FILLMORE M','MCINTOSH C C',58,44,0,'1858');  
 INSERT INTO PRES_MARRIAGE VALUES ( 'PIERCE F','APPLETON J M',29,28,3,'1834');
 INSERT INTO PRES_MARRIAGE VALUES ( 'LINCOLN A','TODD M',33,23,4,'1842');     
 INSERT INTO PRES_MARRIAGE VALUES ( 'JOHNSON A','MCCARDLE E',18,16,5,'1827'); 
 INSERT INTO PRES_MARRIAGE VALUES ( 'GRANT U S','DENT J B',26,22,4,'1848');   
 INSERT INTO PRES_MARRIAGE VALUES ( 'HAYES R B','WEBB L W',30,21,8,'1852');   
 INSERT INTO PRES_MARRIAGE VALUES ( 'GARFIELD J A','RUDOLPH L',26,26,7,'1858');   
 INSERT INTO PRES_MARRIAGE VALUES ( 'ARTHUR C A','HERNDON E L',29,22,3,'1859');    
 INSERT INTO PRES_MARRIAGE VALUES ( 'CLEVELAND G','FOLSON F',49,21,5,'1886'); 
 INSERT INTO PRES_MARRIAGE VALUES ( 'HARRISON B','SCOTT C L',20,31,2,'1853'); 
 INSERT INTO PRES_MARRIAGE VALUES ( 'HARRISON B','DIMMICK M S L',62,37,1,'1896'); 
 INSERT INTO PRES_MARRIAGE VALUES ( 'MCKINLEY W','SAXTON I',27,23,2,'1871');  
 INSERT INTO PRES_MARRIAGE VALUES ( 'ROOSEVELT T','LEE A H',22,19,1,'1880');  
 INSERT INTO PRES_MARRIAGE VALUES ( 'ROOSEVELT T','CARROW E K',28,25,5,'1886');   
 INSERT INTO PRES_MARRIAGE VALUES ( 'TAFT W H','HERRON H',28,25,3,'1886');    
 INSERT INTO PRES_MARRIAGE VALUES ( 'WILSON W','AXSON E L',28,25,3,'1885');   
 INSERT INTO PRES_MARRIAGE VALUES ( 'WILSON W','GALT E B',58,43,0,'1915');    
 INSERT INTO PRES_MARRIAGE VALUES ( 'HARDING W G','DE WOLFE F K',25,30,0,'1891');  
 INSERT INTO PRES_MARRIAGE VALUES ( 'COOLIDGE C','GOODHUE G A',33,26,2,'1905');    
 INSERT INTO PRES_MARRIAGE VALUES ( 'HOOVER H C','HENRY L',24,23,2,'1899');   
 INSERT INTO PRES_MARRIAGE VALUES ( 'ROOSEVELT F D','ROOSEVELT A E',23,20,6,'1905');         
 INSERT INTO PRES_MARRIAGE VALUES ( 'TRUMAN H S','WALLACE E V',35,34,1,'1919');   
 INSERT INTO PRES_MARRIAGE VALUES ( 'EISENHOWER D D','DOUD G',25,19,2,'1916');
 INSERT INTO PRES_MARRIAGE VALUES ( 'KENNEDY J F','BOUVIER J L',36,24,3,'1953');  
 INSERT INTO PRES_MARRIAGE VALUES ( 'JOHNSON L B','TAYLOR C A',26,21,2,'1934');    
 INSERT INTO PRES_MARRIAGE VALUES ( 'NIXON R M','RYAN T C',27,28,2,'1940');   
 INSERT INTO PRES_MARRIAGE VALUES ( 'FORD G R','WARREN E B',35,30,4,'1948');  
 INSERT INTO PRES_MARRIAGE VALUES ( 'CARTER J M','SMITH R',21,18,4,'1946');   
 INSERT INTO PRES_MARRIAGE VALUES ( 'REAGAN R','WYMAN J',28,25,2,'1940');     
 INSERT INTO PRES_MARRIAGE VALUES ( 'REAGAN R','DAVIS N',41,28,2,'1952');     
 INSERT INTO PRES_MARRIAGE VALUES ( 'BUSH G','PIERCE B',20,19,6,'1945');     
 INSERT INTO PRES_MARRIAGE VALUES ( 'CLINTON W','RODHAM H',29,28,1,'1975');     
 INSERT INTO PRES_MARRIAGE VALUES ( 'BUSH G W','WELCH L',31,31,2,'1977');     
 INSERT INTO PRES_MARRIAGE VALUES ( 'OBAMA B','ROBINSON M',31,31,2,'1992');     


 INSERT INTO STATE VALUES ( 'VIRGINIA',0,'WASHINGTON G','1776');              
 INSERT INTO STATE VALUES ( 'VERMONT',1,'WASHINGTON G','1791');
 INSERT INTO STATE VALUES ( 'PENNSYLVANIA',0,'WASHINGTON G','1776');          
 INSERT INTO STATE VALUES ( 'MASSACHUSETTS',0,'WASHINGTON G','1776');         
 INSERT INTO STATE VALUES ( 'CONNECTICUT',0,'WASHINGTON G','1776');           
 INSERT INTO STATE VALUES ( 'SOUTH CAROLINA',0,'WASHINGTON G','1776');        
 INSERT INTO STATE VALUES ( 'MARYLAND',0,'WASHINGTON G','1776');              
 INSERT INTO STATE VALUES ( 'NEW JERSEY',0,'WASHINGTON G','1776');            
 INSERT INTO STATE VALUES ( 'GEORGIA',0,'WASHINGTON G','1776');
 INSERT INTO STATE VALUES ( 'NEW HAMPSHIRE',0,'WASHINGTON G','1776');         
 INSERT INTO STATE VALUES ( 'DELAWARE',0,'WASHINGTON G','1776');              
 INSERT INTO STATE VALUES ( 'NEW YORK',0,'WASHINGTON G','1776');              
 INSERT INTO STATE VALUES ( 'NORTH CAROLINA',0,'WASHINGTON G','1776');        
 INSERT INTO STATE VALUES ( 'RHODE ISLAND',0,'WASHINGTON G','1776');          
 INSERT INTO STATE VALUES ( 'KENTUCKY',1,'WASHINGTON G','1792');              
 INSERT INTO STATE VALUES ( 'TENNESSEE',2,'WASHINGTON G','1796');             
 INSERT INTO STATE VALUES ( 'OHIO',4,'JEFFERSON T','1803');   
 INSERT INTO STATE VALUES ( 'LOUISIANNA',6,'MADISON J','1812');            
 INSERT INTO STATE VALUES ( 'INDIANA',7,'MADISON J','1816');
 INSERT INTO STATE VALUES ( 'MISSISSIPI',8,'MONROE J','1817');            
 INSERT INTO STATE VALUES ( 'ILLINOIS',8,'MONROE J','1818');              
 INSERT INTO STATE VALUES ( 'ALABAMA',8,'MONROE J','1819');
 INSERT INTO STATE VALUES ( 'MAINE',8,'MONROE J','1820');  
 INSERT INTO STATE VALUES ( 'MISSOURI',9,'MONROE J','1821');              
 INSERT INTO STATE VALUES ( 'ARKANSAS',12,'JACKSON A','1836');             
 INSERT INTO STATE VALUES ( 'MICHIGAN',12,'JACKSON A','1837');             
 INSERT INTO STATE VALUES ( 'FLORIDA',14,'TYLER J','1845');              
 INSERT INTO STATE VALUES ( 'TEXAS',15,'POLK J K','1845'); 
 INSERT INTO STATE VALUES ( 'IOWA',15,'POLK J K','1846');  
 INSERT INTO STATE VALUES ( 'WISCONSIN',15,'POLK J K','1848');            
 INSERT INTO STATE VALUES ( 'CALIFORNIA',16,'FILLMORE M','1850');           
 INSERT INTO STATE VALUES ( 'MINNESOTA',18,'BUCHANAN J','1858');            
 INSERT INTO STATE VALUES ( 'OREGON',18,'BUCHANAN J','1859');
 INSERT INTO STATE VALUES ( 'KANSAS',18,'BUCHANAN J','1861');
 INSERT INTO STATE VALUES ( 'WEST VIRGINIA',19,'LINCOLN A','1863');        
 INSERT INTO STATE VALUES ( 'NEVADA',19,'LINCOLN A','1864');
 INSERT INTO STATE VALUES ( 'NEBRASKA',20,'LINCOLN A','1867');             
 INSERT INTO STATE VALUES ( 'COLORADO',22,'GRANT U S','1876');             
 INSERT INTO STATE VALUES ( 'NORTH DAKOTA',26,'HARRISON B','1889');         
 INSERT INTO STATE VALUES ( 'SOUTH DAKOTA',26,'HARRISON B','1889');         
 INSERT INTO STATE VALUES ( 'MONTANA',26,'HARRISON B','1889');              
 INSERT INTO STATE VALUES ( 'WASHINGTON',26,'HARRISON B','1889');           
 INSERT INTO STATE VALUES ( 'IDAHO',26,'HARRISON B','1890'); 
 INSERT INTO STATE VALUES ( 'WYOMING',26,'HARRISON B','1890');              
 INSERT INTO STATE VALUES ( 'UTAH',27,'CLEVELAND G','1896');  
 INSERT INTO STATE VALUES ( 'OKLAHOMA',30,'ROOSEVELT T','1907');             
 INSERT INTO STATE VALUES ( 'NEW MEXICO',31,'TAFT W H','1912');           
 INSERT INTO STATE VALUES ( 'ARIZONA',31,'TAFT W H','1912');              
 INSERT INTO STATE VALUES ( 'ALASKA',43,'EISENHOWER D D','1959');
 INSERT INTO STATE VALUES ( 'HAWAII',43,'EISENHOWER D D','1959');
